﻿<?xml version="1.0" encoding="utf-8"?>
<doc>
  <assembly>
    <name>System.Web.WebPages.Deployment</name>
  </assembly>
  <members>
    <member name="T:System.Web.WebPages.Deployment.PreApplicationStartCode">
      <summary>웹 페이지 배포용 응용 프로그램 시작 전 코드에 대한 등록 지점을 제공합니다.</summary>
    </member>
    <member name="M:System.Web.WebPages.Deployment.PreApplicationStartCode.Start">
      <summary>웹 페이지 배포용 응용 프로그램 시작 전 코드를 등록합니다.</summary>
    </member>
    <member name="T:System.Web.WebPages.Deployment.WebPagesDeployment">
      <summary>이 형식/멤버는 .NET Framework 인프라를 지원하며 사용자 코드에서 직접 사용할 수 없습니다.</summary>
    </member>
    <member name="M:System.Web.WebPages.Deployment.WebPagesDeployment.GetAssemblyPath(System.Version)">
      <summary>이 형식/멤버는 .NET Framework 인프라를 지원하며 사용자 코드에서 직접 사용할 수 없습니다.</summary>
    </member>
    <member name="M:System.Web.WebPages.Deployment.WebPagesDeployment.GetExplicitWebPagesVersion(System.String)"></member>
    <member name="M:System.Web.WebPages.Deployment.WebPagesDeployment.GetIncompatibleDependencies(System.String)">
      <summary>이 형식/멤버는 .NET Framework 인프라를 지원하며 사용자 코드에서 직접 사용할 수 없습니다.</summary>
    </member>
    <member name="M:System.Web.WebPages.Deployment.WebPagesDeployment.GetMaxVersion">
      <summary>이 형식/멤버는 .NET Framework 인프라를 지원하며 사용자 코드에서 직접 사용할 수 없습니다.</summary>
    </member>
    <member name="M:System.Web.WebPages.Deployment.WebPagesDeployment.GetVersion(System.String)">
      <param name="path">응용 프로그램의 루트 디렉터리 경로입니다.</param>
    </member>
    <member name="M:System.Web.WebPages.Deployment.WebPagesDeployment.GetVersionWithoutEnabledCheck(System.String)">
      <summary>이 형식/멤버는 .NET Framework 인프라를 지원하며 사용자 코드에서 직접 사용할 수 없습니다.</summary>
    </member>
    <member name="M:System.Web.WebPages.Deployment.WebPagesDeployment.GetWebPagesAssemblies">
      <summary>이 형식/멤버는 .NET Framework 인프라를 지원하며 사용자 코드에서 직접 사용할 수 없습니다.</summary>
    </member>
    <member name="M:System.Web.WebPages.Deployment.WebPagesDeployment.IsEnabled(System.String)">
      <summary>이 형식/멤버는 .NET Framework 인프라를 지원하며 사용자 코드에서 직접 사용할 수 없습니다.</summary>
    </member>
    <member name="M:System.Web.WebPages.Deployment.WebPagesDeployment.IsExplicitlyDisabled(System.String)">
      <summary>이 형식/멤버는 .NET Framework 인프라를 지원하며 사용자 코드에서 직접 사용할 수 없습니다.</summary>
    </member>
  </members>
</doc>