﻿<?xml version="1.0" encoding="utf-8"?>
<doc>
  <assembly>
    <name>System.Web.Helpers</name>
  </assembly>
  <members>
    <member name="T:System.Web.Helpers.Chart">
      <summary>그래픽 차트의 폼에 데이터를 표시합니다.</summary>
    </member>
    <member name="M:System.Web.Helpers.Chart.#ctor(System.Int32,System.Int32,System.String,System.String)">
      <summary>
        <see cref="T:System.Web.Helpers.Chart" /> 클래스의 새 인스턴스를 초기화합니다.</summary>
      <param name="width">전체 차트 이미지의 너비(픽셀)입니다.</param>
      <param name="height">전체 차트 이미지의 높이(픽셀)입니다.</param>
      <param name="theme">(선택적 요소) 차트에 적용할 템플릿(테마)입니다.</param>
      <param name="themePath">(선택적 요소) 차트에 적용할 템플릿(테마) 경로와 파일 이름입니다.</param>
    </member>
    <member name="M:System.Web.Helpers.Chart.AddLegend(System.String,System.String)">
      <summary>차트에 범례를 추가합니다.</summary>
      <returns>차트입니다.</returns>
      <param name="title">범례 제목 텍스트입니다.</param>
      <param name="name">범례의 고유 이름입니다.</param>
    </member>
    <member name="M:System.Web.Helpers.Chart.AddSeries(System.String,System.String,System.String,System.String,System.String,System.Int32,System.Collections.IEnumerable,System.String,System.Collections.IEnumerable,System.String)">
      <summary>차트에 데이터 요소와 계열 특성을 제공합니다.</summary>
      <returns>차트입니다.</returns>
      <param name="name">계열의 고유 이름입니다.</param>
      <param name="chartType">계열의 차트 형식입니다.</param>
      <param name="chartArea">데이터 계열을 그리는 데 사용되는 차트 영역의 이름입니다.</param>
      <param name="axisLabel">계열의 축 레이블 텍스트입니다.</param>
      <param name="legend">범례와 연관된 계열의 이름입니다.</param>
      <param name="markerStep">데이터 요소 표식의 세분성입니다.</param>
      <param name="xValue">X축을 따라 표시할 값입니다.</param>
      <param name="xField">X 값에 대한 필드의 이름입니다.</param>
      <param name="yValues">X축을 따라 표시할 값입니다.</param>
      <param name="yFields">Y 값에 대한 필드 이름을 쉼표로 구분한 목록입니다.</param>
    </member>
    <member name="M:System.Web.Helpers.Chart.AddTitle(System.String,System.String)">
      <summary>차트에 제목을 추가합니다.</summary>
      <returns>차트입니다.</returns>
      <param name="text">제목 텍스트입니다.</param>
      <param name="name">제목의 고유 이름입니다.</param>
    </member>
    <member name="M:System.Web.Helpers.Chart.DataBindCrossTable(System.Collections.IEnumerable,System.String,System.String,System.String,System.String,System.String)">
      <summary>열의 고유한 각 값마다 계열을 하나씩 만드는 데이터 테이블에 차트를 바인딩합니다.</summary>
      <returns>차트입니다.</returns>
      <param name="dataSource">차트 데이터 소스입니다.</param>
      <param name="groupByField">데이터를 계열로 그룹화하는 데 사용되는 열의 이름입니다.</param>
      <param name="xField">X 값에 대한 열의 이름입니다.</param>
      <param name="yFields">Y 값에 대한 열의 이름을 쉼표로 구분한 목록입니다.</param>
      <param name="otherFields">바인딩할 수 있는 기타 데이터 요소 속성입니다.</param>
      <param name="pointSortOrder">계열이 정렬될 순서입니다. 기본값은 "오름차순"입니다.</param>
    </member>
    <member name="M:System.Web.Helpers.Chart.DataBindTable(System.Collections.IEnumerable,System.String)">
      <summary>지정된 데이터 테이블에 계열 데이터를 만들고 바인딩하며, 선택적으로 여러 X 값을 채웁니다.</summary>
      <returns>차트입니다.</returns>
      <param name="dataSource">차트 데이터 소스입니다. 이 소스는 <see cref="T:System.Collections.IEnumerable" /> 개체일 수 있습니다.</param>
      <param name="xField">계열 X 값에 사용된 테이블 열의 이름입니다.</param>
    </member>
    <member name="P:System.Web.Helpers.Chart.FileName">
      <summary>차트 이미지를 포함하는 파일의 이름을 가져오거나 설정합니다.</summary>
      <returns>파일 이름입니다.</returns>
    </member>
    <member name="M:System.Web.Helpers.Chart.GetBytes(System.String)">
      <summary>차트 이미지를 바이트 배열로 반환합니다.</summary>
      <returns>차트입니다.</returns>
      <param name="format">이미지 형식입니다. 기본값은 "jpeg"입니다.</param>
    </member>
    <member name="M:System.Web.Helpers.Chart.GetFromCache(System.String)">
      <summary>캐시에서 지정된 차트를 검색합니다.</summary>
      <returns>차트입니다.</returns>
      <param name="key">검색할 차트를 포함하는 캐시 항목의 ID입니다. <see cref="M:System.Web.Helpers.Chart.SaveToCache(System.String,System.Int32,System.Boolean)" /> 메서드를 호출하면 키가 설정됩니다.</param>
    </member>
    <member name="P:System.Web.Helpers.Chart.Height">
      <summary>차트 이미지의 높이(픽셀)를 가져오거나 설정합니다.</summary>
      <returns>차트 높이입니다.</returns>
    </member>
    <member name="M:System.Web.Helpers.Chart.Save(System.String,System.String)">
      <summary>차트 이미지를 지정된 파일에 저장합니다.</summary>
      <returns>차트입니다.</returns>
      <param name="path">이미지 파일의 위치 및 이름입니다.</param>
      <param name="format">이미지 파일 형식(예: "png" 또는 "jpeg")입니다.</param>
    </member>
    <member name="M:System.Web.Helpers.Chart.SaveToCache(System.String,System.Int32,System.Boolean)">
      <summary>차트를 시스템 캐시에 저장합니다.</summary>
      <returns>차트를 포함하는 캐시 항목의 ID입니다.</returns>
      <param name="key">캐시에 있는 차트의 ID입니다.</param>
      <param name="minutesToCache">캐시에 차트 이미지를 유지할 시간(분)입니다. 기본값은 20입니다.</param>
      <param name="slidingExpiration">이 항목에 액세스할 때마다 차트 캐시 항목의 만료를 다시 설정하도록 나타내려면 true이고, 이 항목이 캐시에 추가된 시간 이후의 절대 간격에 따라 만료되도록 나타내려면 false입니다. 기본값은 true입니다.</param>
    </member>
    <member name="M:System.Web.Helpers.Chart.SaveXml(System.String)">
      <summary>차트를 XML 파일로 저장합니다.</summary>
      <returns>차트입니다.</returns>
      <param name="path">XML 파일의 경로 및 이름입니다.</param>
    </member>
    <member name="M:System.Web.Helpers.Chart.SetXAxis(System.String,System.Double,System.Double)">
      <summary>가로 축의 값을 설정합니다.</summary>
      <returns>차트입니다.</returns>
      <param name="title">X축의 제목입니다.</param>
      <param name="min">X축의 최소값입니다.</param>
      <param name="max">X축의 최대값입니다.</param>
    </member>
    <member name="M:System.Web.Helpers.Chart.SetYAxis(System.String,System.Double,System.Double)">
      <summary>세로 축의 값을 설정합니다.</summary>
      <returns>차트입니다.</returns>
      <param name="title">Y축의 제목입니다.</param>
      <param name="min">Y축의 최소값입니다.</param>
      <param name="max">Y축의 최대값입니다.</param>
    </member>
    <member name="M:System.Web.Helpers.Chart.ToWebImage(System.String)">
      <summary>현재 <see cref="T:System.Web.Helpers.Chart" /> 개체를 기반으로 <see cref="T:System.Web.Helpers.WebImage" /> 개체를 만듭니다.</summary>
      <returns>차트입니다.</returns>
      <param name="format">
        <see cref="T:System.Web.Helpers.WebImage" /> 개체를 저장할 이미지의 형식입니다. 기본값은 "jpeg"입니다. <paramref name="format" /> 매개 변수는 대/소문자를 구분하지 않습니다.</param>
    </member>
    <member name="P:System.Web.Helpers.Chart.Width">
      <summary>차트 이미지의 너비(픽셀)를 가져오거나 설정합니다.</summary>
      <returns>차트 너비입니다.</returns>
    </member>
    <member name="M:System.Web.Helpers.Chart.Write(System.String)">
      <summary>
        <see cref="T:System.Web.Helpers.Chart" /> 개체의 출력을 이미지로 렌더링합니다.</summary>
      <returns>차트입니다.</returns>
      <param name="format">이미지의 형식입니다. 기본값은 "jpeg"입니다.</param>
    </member>
    <member name="M:System.Web.Helpers.Chart.WriteFromCache(System.String,System.String)">
      <summary>캐시된 <see cref="T:System.Web.Helpers.Chart" /> 개체의 출력을 이미지로 렌더링합니다.</summary>
      <returns>차트입니다.</returns>
      <param name="key">캐시에 있는 차트의 ID입니다.</param>
      <param name="format">이미지의 형식입니다. 기본값은 "jpeg"입니다.</param>
    </member>
    <member name="T:System.Web.Helpers.ChartTheme">
      <summary>
        <see cref="T:System.Web.Helpers.Chart" /> 개체의 시각적 테마를 지정합니다.</summary>
    </member>
    <member name="F:System.Web.Helpers.ChartTheme.Blue">
      <summary>파랑 그라데이션, 둥근 가장자리, 드롭 그림자, 고대비 눈금선이 있는 시각적 컨테이너가 특징인 2D 차트의 테마입니다.</summary>
    </member>
    <member name="F:System.Web.Helpers.ChartTheme.Green">
      <summary>녹색 그라데이션, 둥근 가장자리, 드롭 그림자, 저대비 눈금선이 있는 시각적 컨테이너가 특징인 2D 차트의 테마입니다.</summary>
    </member>
    <member name="F:System.Web.Helpers.ChartTheme.Vanilla">
      <summary>시각적 컨테이너와 눈금선이 없는 것이 특징인 2D 차트의 테마입니다.</summary>
    </member>
    <member name="F:System.Web.Helpers.ChartTheme.Vanilla3D">
      <summary>시각적 컨테이너가 없고 레이블링이 제한적이며 스파스, 고대비 눈금선이 있는 것이 특징인 3D 차트의 테마입니다.</summary>
    </member>
    <member name="F:System.Web.Helpers.ChartTheme.Yellow">
      <summary>노랑 그라데이션, 둥근 가장자리, 드롭 그림자, 고대비 눈금선이 있는 시각적 컨테이너가 특징인 2D 차트의 테마입니다.</summary>
    </member>
    <member name="T:System.Web.Helpers.Crypto">
      <summary>해시 값을 생성하고 암호나 다른 중요한 데이터를 암호화하는 메서드를 제공합니다.</summary>
    </member>
    <member name="M:System.Web.Helpers.Crypto.GenerateSalt(System.Int32)">
      <summary>암호화된 강력한 임의 바이트 값 시퀀스를 생성합니다.</summary>
      <returns>생성된 솔트 값(Base 64 인코딩 문자열 형식)입니다.</returns>
      <param name="byteLength">생성할 암호화된 임의 바이트 수입니다.</param>
    </member>
    <member name="M:System.Web.Helpers.Crypto.Hash(System.Byte[],System.String)">
      <summary>지정된 바이트 배열의 해시 값을 반환합니다.</summary>
      <returns>
        <paramref name="input" />의 해시 값(16진수 문자의 문자열 형식)입니다.</returns>
      <param name="input">해시 값을 제공할 데이터입니다.</param>
      <param name="algorithm">해시 값을 생성하는 데 사용되는 알고리즘입니다. 기본값은 "sha256"입니다.</param>
      <exception cref="System.ArgumentNullException">
        <paramref name="input" />이 null입니다.</exception>
    </member>
    <member name="M:System.Web.Helpers.Crypto.Hash(System.String,System.String)">
      <summary>지정된 문자열의 해시 값을 반환합니다.</summary>
      <returns>
        <paramref name="input" />의 해시 값(16진수 문자의 문자열 형식)입니다.</returns>
      <param name="input">해시 값을 제공할 데이터입니다.</param>
      <param name="algorithm">해시 값을 생성하는 데 사용되는 알고리즘입니다. 기본값은 "sha256"입니다.</param>
      <exception cref="System.ArgumentNullException">
        <paramref name="input" />이 null입니다.</exception>
    </member>
    <member name="M:System.Web.Helpers.Crypto.HashPassword(System.String)">
      <summary>지정된 암호의 RFC 2898 해시 값을 반환합니다.</summary>
      <returns>
        <paramref name="password" />의 해시 값(Base 64 인코딩 문자열 형식)입니다.</returns>
      <param name="password">해시 값을 생성할 암호입니다.</param>
      <exception cref="System.ArgumentNullException">
        <paramref name="password" />가 null입니다.</exception>
    </member>
    <member name="M:System.Web.Helpers.Crypto.SHA1(System.String)">
      <summary>지정된 문자열의 SHA-1 해시 값을 반환합니다.</summary>
      <returns>
        <paramref name="input" />의 SHA-1 해시 값(16진수 문자의 문자열 형식)입니다.</returns>
      <param name="input">해시 값을 제공할 데이터입니다.</param>
      <exception cref="System.ArgumentNullException">
        <paramref name="input" />이 null입니다.</exception>
    </member>
    <member name="M:System.Web.Helpers.Crypto.SHA256(System.String)">
      <summary>지정된 문자열의 SHA-256 해시 값을 반환합니다.</summary>
      <returns>
        <paramref name="input" />의 SHA-256 해시 값(16진수 문자의 문자열 형식)입니다.</returns>
      <param name="input">해시 값을 제공할 데이터입니다.</param>
      <exception cref="System.ArgumentNullException">
        <paramref name="input" />이 null입니다.</exception>
    </member>
    <member name="M:System.Web.Helpers.Crypto.VerifyHashedPassword(System.String,System.String)">
      <summary>지정된 RFC 2898 해시 및 암호의 암호화가 일치하는지 확인합니다.</summary>
      <returns>해시 값이 암호의 암호화와 일치하면 true이고, 그렇지 않으면 false입니다.</returns>
      <param name="hashedPassword">이전에 계산한 RFC 2898 해시 값(Base 64 인코딩 문자열 형식)입니다.</param>
      <param name="password">
        <paramref name="hashedPassword" />와 암호화를 비교할 일반 텍스트 암호입니다.</param>
      <exception cref="System.ArgumentNullException">
        <paramref name="hashedPassword" />이거나, <paramref name="password" />가 null입니다.</exception>
    </member>
    <member name="T:System.Web.Helpers.DynamicJsonArray">
      <summary>DLR(Dynamic Language Runtime)의 동적 기능을 사용하여 일련의 값을 JavaScript와 유사한 배열로 나타냅니다.</summary>
    </member>
    <member name="M:System.Web.Helpers.DynamicJsonArray.#ctor(System.Object[])">
      <summary>지정된 배열 요소 값을 사용하여 <see cref="T:System.Web.Helpers.DynamicJsonArray" /> 클래스의 새 인스턴스를 초기화합니다.</summary>
      <param name="arrayValues">
        <see cref="T:System.Web.Helpers.DynamicJsonArray" /> 인스턴스에 추가할 값을 포함하는 개체의 배열입니다.</param>
    </member>
    <member name="M:System.Web.Helpers.DynamicJsonArray.GetEnumerator">
      <summary>
        <see cref="T:System.Web.Helpers.DynamicJsonArray" /> 인스턴스의 요소를 반복하는 데 사용될 수 있는 열거자를 반환합니다.</summary>
      <returns>JSON 배열의 요소를 반복하는 데 사용될 수 있는 열거자입니다.</returns>
    </member>
    <member name="P:System.Web.Helpers.DynamicJsonArray.Item(System.Int32)">
      <summary>
        <see cref="T:System.Web.Helpers.DynamicJsonArray" /> 인스턴스에 지정된 인덱스의 값을 반환합니다.</summary>
      <returns>지정된 인덱스의 값입니다.</returns>
      <param name="index">반환할 JSON 배열에 있는 값의 인덱스(0부터 시작)입니다.</param>
    </member>
    <member name="P:System.Web.Helpers.DynamicJsonArray.Length">
      <summary>
        <see cref="T:System.Web.Helpers.DynamicJsonArray" /> 인스턴스의 요소 수를 반환합니다.</summary>
      <returns>JSON 배열에 있는 요소의 수입니다.</returns>
    </member>
    <member name="M:System.Web.Helpers.DynamicJsonArray.op_Implicit(System.Web.Helpers.DynamicJsonArray)~System.Object[]">
      <summary>
        <see cref="T:System.Web.Helpers.DynamicJsonArray" /> 인스턴스를 개체의 배열로 변환합니다.</summary>
      <returns>JSON 배열을 나타내는 개체의 배열입니다.</returns>
      <param name="obj">변환할 JSON 배열입니다.</param>
    </member>
    <member name="M:System.Web.Helpers.DynamicJsonArray.op_Implicit(System.Web.Helpers.DynamicJsonArray)~System.Array">
      <summary>
        <see cref="T:System.Web.Helpers.DynamicJsonArray" /> 인스턴스를 개체의 배열로 변환합니다.</summary>
      <returns>JSON 배열을 나타내는 개체의 배열입니다.</returns>
      <param name="obj">변환할 JSON 배열입니다.</param>
    </member>
    <member name="M:System.Web.Helpers.DynamicJsonArray.System#Collections#Generic#IEnumerable{T}#GetEnumerator">
      <summary>컬렉션을 반복하는 데 사용될 수 있는 열거자를 반환합니다.</summary>
      <returns>컬렉션을 반복하는 데 사용될 수 있는 열거자입니다.</returns>
    </member>
    <member name="M:System.Web.Helpers.DynamicJsonArray.TryConvert(System.Dynamic.ConvertBinder,System.Object@)">
      <summary>
        <see cref="T:System.Web.Helpers.DynamicJsonArray" /> 인스턴스를 호환 가능한 형식으로 변환합니다.</summary>
      <returns>변환되면 true이고, 그렇지 않으면 false입니다.</returns>
      <param name="binder">변환 작업에 대한 정보를 제공합니다.</param>
      <param name="result">이 메서드가 반환될 때 형식 변환 작업의 결과가 포함됩니다. 이 매개 변수는 초기화되지 않은 상태로 전달됩니다.</param>
    </member>
    <member name="M:System.Web.Helpers.DynamicJsonArray.TryGetMember(System.Dynamic.GetMemberBinder,System.Object@)">
      <summary>예외를 throw하지 않는 방식으로 지원되지 않는 동적 멤버에 대한 <see cref="T:System.Web.Helpers.DynamicJsonArray" /> 인스턴스를 테스트합니다.</summary>
      <returns>모든 경우에 true입니다.</returns>
      <param name="binder">get 작업에 대한 정보를 제공합니다.</param>
      <param name="result">이 메서드가 반환될 때 null이 포함됩니다. 이 매개 변수는 초기화되지 않은 상태로 전달됩니다.</param>
    </member>
    <member name="T:System.Web.Helpers.DynamicJsonObject">
      <summary>Dynamic Language Runtime의 기능을 사용하여 값의 컬렉션을 JavaScript와 유사한 개체로 나타냅니다.</summary>
    </member>
    <member name="M:System.Web.Helpers.DynamicJsonObject.#ctor(System.Collections.Generic.IDictionary{System.String,System.Object})">
      <summary>지정된 필드 값을 사용하여 <see cref="T:System.Web.Helpers.DynamicJsonObject" /> 클래스의 새 인스턴스를 초기화합니다.</summary>
      <param name="values">
        <see cref="T:System.Web.Helpers.DynamicJsonObject" /> 인스턴스에 동적 멤버로 추가할 속성 이름 및 값의 사전입니다.</param>
    </member>
    <member name="M:System.Web.Helpers.DynamicJsonObject.GetDynamicMemberNames">
      <summary>
        <see cref="T:System.Web.Helpers.DynamicJsonObject" /> 인스턴스의 모든 동적 멤버(JSON 필드) 이름을 포함하는 목록을 반환합니다.</summary>
      <returns>모든 동적 멤버(JSON 필드)의 이름을 포함하는 목록입니다.</returns>
    </member>
    <member name="M:System.Web.Helpers.DynamicJsonObject.TryConvert(System.Dynamic.ConvertBinder,System.Object@)">
      <summary>
        <see cref="T:System.Web.Helpers.DynamicJsonObject" /> 인스턴스를 호환 가능한 형식으로 변환합니다.</summary>
      <returns>모든 경우에 true입니다.</returns>
      <param name="binder">변환 작업에 대한 정보를 제공합니다.</param>
      <param name="result">이 메서드가 반환될 때 형식 변환 작업의 결과가 포함됩니다. 이 매개 변수는 초기화되지 않은 상태로 전달됩니다.</param>
      <exception cref="T:System.InvalidOperationException">
        <see cref="T:System.Web.Helpers.DynamicJsonObject" /> 인스턴스는 지정된 형식으로 변환될 수 없습니다.</exception>
    </member>
    <member name="M:System.Web.Helpers.DynamicJsonObject.TryGetIndex(System.Dynamic.GetIndexBinder,System.Object[],System.Object@)">
      <summary>지정된 인덱스를 사용하여 <see cref="T:System.Web.Helpers.DynamicJsonObject" /> 필드의 값을 가져옵니다.</summary>
      <returns>모든 경우에 true입니다.</returns>
      <param name="binder">인덱싱된 get 작업에 대한 정보를 제공합니다.</param>
      <param name="indexes">이름을 기준으로 필드를 인덱싱하는 단일 개체가 들어 있는 배열입니다. 이 개체는 반환할 JSON 필드 이름을 지정하는 문자열로 변환할 수 있어야 합니다. 여러 인덱스를 지정하면 이 메서드가 반환될 때 <paramref name="result" />에 null이 포함됩니다.</param>
      <param name="result">이 메서드가 반환될 때 인덱싱된 필드의 값이 포함되거나, get 작업에 실패한 경우 null이 포함됩니다. 이 매개 변수는 초기화되지 않은 상태로 전달됩니다.</param>
    </member>
    <member name="M:System.Web.Helpers.DynamicJsonObject.TryGetMember(System.Dynamic.GetMemberBinder,System.Object@)">
      <summary>지정된 이름을 사용하여 <see cref="T:System.Web.Helpers.DynamicJsonObject" /> 필드의 값을 가져옵니다.</summary>
      <returns>모든 경우에 true입니다.</returns>
      <param name="binder">get 작업에 대한 정보를 제공합니다.</param>
      <param name="result">이 메서드가 반환될 때 필드의 값이 포함되거나, get 작업에 실패한 경우 null이 포함됩니다. 이 매개 변수는 초기화되지 않은 상태로 전달됩니다.</param>
    </member>
    <member name="M:System.Web.Helpers.DynamicJsonObject.TrySetIndex(System.Dynamic.SetIndexBinder,System.Object[],System.Object)">
      <summary>지정된 인덱스를 사용하여 <see cref="T:System.Web.Helpers.DynamicJsonObject" /> 필드의 값을 설정합니다.</summary>
      <returns>모든 경우에 true입니다.</returns>
      <param name="binder">인덱싱된 set 작업에 대한 정보를 제공합니다.</param>
      <param name="indexes">이름을 기준으로 필드를 인덱싱하는 단일 개체가 들어 있는 배열입니다. 이 개체는 반환할 JSON 필드 이름을 지정하는 문자열로 변환할 수 있어야 합니다. 여러 개의 인덱스가 지정되면 필드가 변경되거나 추가되지 않습니다.</param>
      <param name="value">필드를 설정할 값입니다.</param>
    </member>
    <member name="M:System.Web.Helpers.DynamicJsonObject.TrySetMember(System.Dynamic.SetMemberBinder,System.Object)">
      <summary>지정된 이름을 사용하여 <see cref="T:System.Web.Helpers.DynamicJsonObject" /> 필드의 값을 설정합니다.</summary>
      <returns>모든 경우에 true입니다.</returns>
      <param name="binder">set 작업에 대한 정보를 제공합니다.</param>
      <param name="value">필드를 설정할 값입니다.</param>
    </member>
    <member name="T:System.Web.Helpers.Json">
      <summary>JSON(JavaScript Object Notation) 형식의 데이터로 작업할 수 있는 메서드를 제공합니다.</summary>
    </member>
    <member name="M:System.Web.Helpers.Json.Decode``1(System.String)">
      <summary>JSON(JavaScript Object Notation) 형식의 데이터를 지정된 강력한 형식의 데이터 목록으로 변환합니다.</summary>
      <returns>강력한 형식의 목록으로 변환한 JSON으로 인코딩된 데이터입니다.</returns>
      <param name="value">변환할 JSON으로 인코딩된 문자열입니다.</param>
      <typeparam name="T">JSON 데이터를 변환할 강력한 형식의 목록 형식입니다.</typeparam>
    </member>
    <member name="M:System.Web.Helpers.Json.Decode(System.String)">
      <summary>JSON(JavaScript Object Notation) 형식의 데이터를 데이터 개체로 변환합니다.</summary>
      <returns>데이터 개체로 변환한 JSON으로 인코딩된 데이터입니다.</returns>
      <param name="value">변환할 JSON으로 인코딩된 문자열입니다.</param>
    </member>
    <member name="M:System.Web.Helpers.Json.Decode(System.String,System.Type)">
      <summary>JSON(JavaScript Object Notation) 형식의 데이터를 지정된 형식의 데이터 개체로 변환합니다.</summary>
      <returns>지정된 형식으로 변환한 JSON으로 인코딩된 데이터입니다.</returns>
      <param name="value">변환할 JSON으로 인코딩된 문자열입니다.</param>
      <param name="targetType">
        <paramref name="value" /> 데이터를 변환할 형식입니다.</param>
    </member>
    <member name="M:System.Web.Helpers.Json.Encode(System.Object)">
      <summary>데이터 개체를 JSON(JavaScript Object Notation) 형식의 문자열로 변환합니다.</summary>
      <returns>JSON 형식으로 변환한 데이터의 문자열을 반환합니다.</returns>
      <param name="value">변환할 데이터 개체입니다.</param>
    </member>
    <member name="M:System.Web.Helpers.Json.Write(System.Object,System.IO.TextWriter)">
      <summary>데이터 개체를 JSON(JavaScript Object Notation) 형식의 문자열로 변환하고 문자열을 지정된 <see cref="T:System.IO.TextWriter" /> 개체에 추가합니다.</summary>
      <param name="value">변환할 데이터 개체입니다.</param>
      <param name="writer">변환된 JSON 데이터를 포함하는 개체입니다.</param>
    </member>
    <member name="T:System.Web.Helpers.ObjectInfo">
      <summary>지정된 개체 및 이 개체가 참조하는 모든 하위 개체의 속성 이름과 값을 렌더링합니다.</summary>
    </member>
    <member name="M:System.Web.Helpers.ObjectInfo.Print(System.Object,System.Int32,System.Int32)">
      <summary>지정된 개체 및 모든 하위 개체의 속성 이름과 값을 렌더링합니다.</summary>
      <returns>단순 변수의 경우 형식과 값을 반환합니다. 여러 항목을 포함하는 개체의 경우 각 속성의 속성 이름 또는 키와 해당 값을 반환합니다.</returns>
      <param name="value">정보를 렌더링할 개체입니다.</param>
      <param name="depth">선택적 요소입니다. 정보를 렌더링할 중첩된 하위 개체의 수준을 지정합니다. 기본값은 10입니다.</param>
      <param name="enumerationLength">선택적 요소입니다. 이 메서드가 개체 값에 대해 표시하는 최대 문자 수를 지정합니다. 기본값은 1000입니다.</param>
      <exception cref="T:System.ArgumentOutOfRangeException">
        <paramref name="depth" />가 0보다 작습니다.</exception>
      <exception cref="T:System.ArgumentOutOfRangeException">
        <paramref name="enumerationLength" />가 0보다 작거나 같습니다.</exception>
    </member>
    <member name="T:System.Web.Helpers.ServerInfo">
      <summary>현재 웹 페이지를 호스팅하는 웹 서버 환경에 대한 정보를 표시합니다.</summary>
    </member>
    <member name="M:System.Web.Helpers.ServerInfo.GetHtml">
      <summary>웹 서버 환경에 대한 정보를 표시합니다.</summary>
      <returns>웹 서버에 대한 정보가 들어 있는 이름/값 쌍의 문자열입니다. </returns>
    </member>
    <member name="T:System.Web.Helpers.SortDirection">
      <summary>항목의 목록을 정렬할 방향을 지정합니다.</summary>
    </member>
    <member name="F:System.Web.Helpers.SortDirection.Ascending">
      <summary>오름차순(예: 1부터 10까지)으로 정렬합니다.</summary>
    </member>
    <member name="F:System.Web.Helpers.SortDirection.Descending">
      <summary>내림차순(예: 10부터 1까지)으로 정렬합니다.</summary>
    </member>
    <member name="T:System.Web.Helpers.WebCache">
      <summary>자주 액세스한 데이터를 저장할 캐시를 제공합니다.</summary>
    </member>
    <member name="M:System.Web.Helpers.WebCache.Get(System.String)">
      <summary>
        <see cref="T:System.Web.Helpers.WebCache" /> 개체에서 지정된 항목을 검색합니다.</summary>
      <returns>캐시에서 검색된 항목이거나, 항목을 찾을 수 없는 경우 null입니다.</returns>
      <param name="key">검색할 캐시 항목의 식별자입니다.</param>
    </member>
    <member name="M:System.Web.Helpers.WebCache.Remove(System.String)">
      <summary>
        <see cref="T:System.Web.Helpers.WebCache" /> 개체에서 지정된 항목을 제거합니다.</summary>
      <returns>
        <see cref="T:System.Web.Helpers.WebCache" /> 개체에서 제거된 항목입니다. 항목을 찾을 수 없으면 null을 반환합니다.</returns>
      <param name="key">제거할 캐시 항목의 식별자입니다.</param>
    </member>
    <member name="M:System.Web.Helpers.WebCache.Set(System.String,System.Object,System.Int32,System.Boolean)">
      <summary>
        <see cref="T:System.Web.Helpers.WebCache" /> 개체에 항목을 삽입합니다.</summary>
      <param name="key">캐시 항목의 식별자입니다.</param>
      <param name="value">캐시에 삽입할 데이터입니다.</param>
      <param name="minutesToCache">선택적 요소입니다. 캐시에 항목을 유지할 시간(분)입니다. 기본값은 20입니다.</param>
      <param name="slidingExpiration">선택적 요소입니다. 항목에 액세스할 때마다 캐시 항목 만료를 다시 설정하도록 나타내려면 true이고, 항목이 캐시에 추가된 절대 시간에 따라 만료되도록 나타내려면 false입니다. 기본값은 true입니다. 이 경우 <paramref name="minutesToCache" /> 매개 변수의 기본값도 사용하면 캐시된 항목에 마지막으로 액세스하고 나서 20분 후 만료됩니다.</param>
      <exception cref="T:System.ArgumentOutOfRangeException">
        <paramref name="minutesToCache" /> 값은 0보다 작거나 같습니다.</exception>
      <exception cref="T:System.ArgumentOutOfRangeException">상대(sliding) 만료가 활성화되고 <paramref name="minutesToCache" /> 값은 1년보다 큽니다.</exception>
    </member>
    <member name="T:System.Web.Helpers.WebGrid">
      <summary>HTML table 요소를 사용하여 웹 페이지에 데이터를 표시합니다.</summary>
    </member>
    <member name="M:System.Web.Helpers.WebGrid.#ctor(System.Collections.Generic.IEnumerable{System.Object},System.Collections.Generic.IEnumerable{System.String},System.String,System.Int32,System.Boolean,System.Boolean,System.String,System.String,System.String,System.String,System.String,System.String,System.String)">
      <summary>
        <see cref="T:System.Web.Helpers.WebGrid" /> 클래스의 새 인스턴스를 초기화합니다.</summary>
      <param name="source">표시할 데이터입니다.</param>
      <param name="columnNames">표시할 데이터 열의 이름을 포함하는 컬렉션입니다. 기본적으로 이 값은 <paramref name="source" /> 매개 변수의 값에 따라 자동으로 채워집니다.</param>
      <param name="defaultSort">기본적으로 표를 정렬하는 데 사용되는 데이터 열의 이름입니다.</param>
      <param name="rowsPerPage">페이징이 활성화된 경우 표의 각 페이지에 표시되는 행의 수입니다. 기본값은 10입니다.</param>
      <param name="canPage">
        <see cref="T:System.Web.Helpers.WebGrid" /> 인스턴스의 페이징을 활성화하도록 지정하려면 true이고, 그렇지 않으면 false입니다. 기본값은 true입니다. </param>
      <param name="canSort">
        <see cref="T:System.Web.Helpers.WebGrid" /> 인스턴스의 정렬을 활성화하도록 지정하려면 true이고, 그렇지 않으면 false입니다. 기본값은 true입니다.</param>
      <param name="ajaxUpdateContainerId">
        <see cref="T:System.Web.Helpers.WebGrid" /> 인스턴스와 연관된 동적 Ajax 업데이트를 가져오는 HTML 요소를 표시하는 데 사용되는 HTML id 특성 값입니다.</param>
      <param name="ajaxUpdateCallback">
        <see cref="P:System.Web.Helpers.WebGrid.AjaxUpdateContainerId" /> 속성에서 지정된 HTML 요소가 업데이트된 후에 호출되는 JavaScript 함수의 이름입니다. 함수의 이름이 제공되지 않으면 함수가 호출되지 않습니다. 지정된 함수가 없는 경우에 해당 함수를 호출하면 JavaScript 오류가 발생합니다.</param>
      <param name="fieldNamePrefix">
        <see cref="T:System.Web.Helpers.WebGrid" /> 인스턴스와 연관된 모든 쿼리 문자열 필드에 적용되는 접두사입니다. 이 값은 같은 웹 페이지에서 여러 <see cref="T:System.Web.Helpers.WebGrid" /> 인스턴스를 지원하기 위해 사용됩니다.</param>
      <param name="pageFieldName">
        <see cref="T:System.Web.Helpers.WebGrid" /> 인스턴스의 현재 페이지를 지정하는 데 사용되는 쿼리 문자열 필드의 이름입니다.</param>
      <param name="selectionFieldName">
        <see cref="T:System.Web.Helpers.WebGrid" /> 인스턴스의 현재 선택된 행을 지정하는 데 사용되는 쿼리 문자열 필드의 이름입니다.</param>
      <param name="sortFieldName">
        <see cref="T:System.Web.Helpers.WebGrid" /> 인스턴스의 정렬 기준으로 사용하는 데이터 열의 이름을 지정하는 데 사용되는 쿼리 문자열 필드의 이름입니다.</param>
      <param name="sortDirectionFieldName">
        <see cref="T:System.Web.Helpers.WebGrid" /> 인스턴스가 정렬되는 방향을 지정하는 데 사용되는 쿼리 문자열 필드의 이름입니다.</param>
    </member>
    <member name="P:System.Web.Helpers.WebGrid.AjaxUpdateCallback">
      <summary>Ajax 업데이트 요청에 응답하여 <see cref="T:System.Web.Helpers.WebGrid" /> 인스턴스와 연관된 HTML 요소가 업데이트된 후에 호출할 JavaScript 함수의 이름을 가져옵니다.</summary>
      <returns>함수의 이름입니다.</returns>
    </member>
    <member name="P:System.Web.Helpers.WebGrid.AjaxUpdateContainerId">
      <summary>웹 페이지에서 <see cref="T:System.Web.Helpers.WebGrid" /> 인스턴스와 연관된 동적 Ajax 업데이트를 가져오는 HTML 요소를 표시하는 HTML id 특성 값을 가져옵니다.</summary>
      <returns>id 특성의 값입니다.</returns>
    </member>
    <member name="M:System.Web.Helpers.WebGrid.Bind(System.Collections.Generic.IEnumerable{System.Object},System.Collections.Generic.IEnumerable{System.String},System.Boolean,System.Int32)">
      <summary>지정된 데이터를 <see cref="T:System.Web.Helpers.WebGrid" /> 인스턴스에 바인딩합니다.</summary>
      <returns>바인딩되고 채워진 <see cref="T:System.Web.Helpers.WebGrid" /> 인스턴스입니다.</returns>
      <param name="source">표시할 데이터입니다.</param>
      <param name="columnNames">바인딩할 데이터 열의 이름을 포함하는 컬렉션입니다.</param>
      <param name="autoSortAndPage">
        <see cref="T:System.Web.Helpers.WebGrid" /> 인스턴스의 정렬 및 페이징을 활성화하려면 true이고, 그렇지 않으면 false입니다.</param>
      <param name="rowCount">표의 각 페이지에 표시할 행의 수입니다.</param>
    </member>
    <member name="P:System.Web.Helpers.WebGrid.CanSort">
      <summary>
        <see cref="T:System.Web.Helpers.WebGrid" /> 인스턴스가 정렬을 지원하는지 나타내는 값을 가져옵니다.</summary>
      <returns>인스턴스가 정렬을 지원하면 true이고, 그렇지 않으면 false입니다.</returns>
    </member>
    <member name="M:System.Web.Helpers.WebGrid.Column(System.String,System.String,System.Func`2,System.Boolean,System.Object)">
      <summary>새 <see cref="T:System.Web.Helpers.WebGridColumn" /> 인스턴스를 만듭니다.</summary>
      <returns>새 열입니다.</returns>
      <param name="columnName">
        <see cref="T:System.Web.Helpers.WebGridColumn" /> 인스턴스와 연관시킬 데이터 열의 이름입니다.</param>
      <param name="header">
        <see cref="T:System.Web.Helpers.WebGridColumn" /> 인스턴스와 연관된 HTML 테이블 열의 머리글에 렌더링되는 텍스트입니다.</param>
      <param name="format">
        <see cref="T:System.Web.Helpers.WebGridColumn" /> 인스턴스와 연관된 데이터 값의 형식을 지정하는 데 사용되는 함수입니다.</param>
      <param name="style">
        <see cref="T:System.Web.Helpers.WebGridColumn" /> 인스턴스와 연관된 HTML 테이블 셀의 스타일을 지정하는 데 사용되는 CSS 클래스 이름을 지정하는 문자열입니다.</param>
      <param name="canSort">
        <see cref="T:System.Web.Helpers.WebGrid" /> 인스턴스에서 <see cref="T:System.Web.Helpers.WebGridColumn" /> 인스턴스와 연관된 데이터 값을 기준으로 정렬을 사용하려면 true이고, 그렇지 않으면 false입니다. 기본값은 true입니다.</param>
    </member>
    <member name="P:System.Web.Helpers.WebGrid.ColumnNames">
      <summary>
        <see cref="T:System.Web.Helpers.WebGrid" /> 인스턴스에 바인딩되는 각 데이터 열 이름을 포함하는 컬렉션을 가져옵니다.</summary>
      <returns>데이터 열 이름의 컬렉션입니다.</returns>
    </member>
    <member name="M:System.Web.Helpers.WebGrid.Columns(System.Web.Helpers.WebGridColumn[])">
      <summary>지정된 <see cref="T:System.Web.Helpers.WebGridColumn" /> 인스턴스를 포함하는 배열을 반환합니다.</summary>
      <returns>열의 배열입니다.</returns>
      <param name="columnSet">
        <see cref="T:System.Web.Helpers.WebGridColumn" /> 열 인스턴스의 변수 수입니다.</param>
    </member>
    <member name="P:System.Web.Helpers.WebGrid.FieldNamePrefix">
      <summary>
        <see cref="T:System.Web.Helpers.WebGrid" /> 인스턴스와 연관된 모든 쿼리 문자열 필드에 적용되는 접두사를 가져옵니다.</summary>
      <returns>
        <see cref="T:System.Web.Helpers.WebGrid" /> 인스턴스의 쿼리 문자열 필드 접두사입니다.</returns>
    </member>
    <member name="M:System.Web.Helpers.WebGrid.GetContainerUpdateScript(System.String)">
      <summary>지정된 웹 페이지에서 <see cref="T:System.Web.Helpers.WebGrid" /> 인스턴스와 연관된 HTML 요소를 업데이트하는 데 사용할 수 있는 JavaScript 문을 반환합니다.</summary>
      <returns>
        <see cref="T:System.Web.Helpers.WebGrid" /> 인스턴스와 연관된 웹 페이지의 HTML 요소를 업데이트하는 데 사용할 수 있는 JavaScript 문입니다.</returns>
      <param name="path">업데이트할 <see cref="T:System.Web.Helpers.WebGrid" /> 인스턴스를 포함하는 웹 페이지의 URL입니다. URL은 쿼리 문자열 인수를 포함할 수 있습니다.</param>
    </member>
    <member name="M:System.Web.Helpers.WebGrid.GetHtml(System.String,System.String,System.String,System.String,System.String,System.String,System.String,System.Boolean,System.Boolean,System.String,System.Collections.Generic.IEnumerable{System.Web.Helpers.WebGridColumn},System.Collections.Generic.IEnumerable{System.String},System.Web.Helpers.WebGridPagerModes,System.String,System.String,System.String,System.String,System.Int32,System.Object)">
      <summary>
        <see cref="T:System.Web.Helpers.WebGrid" /> 인스턴스를 렌더링하고 지정된 페이징 옵션을 사용하는 데 사용되는 HTML 태그를 반환합니다.</summary>
      <returns>완전히 채워진 <see cref="T:System.Web.Helpers.WebGrid" /> 인스턴스를 나타내는 HTML 태그입니다.</returns>
      <param name="tableStyle">전체 테이블의 스타일을 지정하는 데 사용되는 CSS 클래스의 이름입니다.</param>
      <param name="headerStyle">테이블 머리글의 스타일을 지정하는 데 사용되는 CSS 클래스의 이름입니다.</param>
      <param name="footerStyle">테이블 바닥글의 스타일을 지정하는 데 사용되는 CSS 클래스의 이름입니다.</param>
      <param name="rowStyle">각 테이블 행의 스타일을 지정하는 데 사용되는 CSS 클래스의 이름입니다.</param>
      <param name="alternatingRowStyle">짝수 테이블 행의 스타일을 지정하는 데 사용되는 CSS 클래스의 이름입니다.</param>
      <param name="selectedRowStyle">선택된 테이블 행의 스타일을 지정하는 데 사용되는 CSS 클래스의 이름입니다. 이때 한 번에 하나의 행만 선택할 수 있습니다.</param>
      <param name="caption">테이블 캡션입니다.</param>
      <param name="displayHeader">테이블 머리글을 표시하려면 true이고, 그렇지 않으면 false입니다. 기본값은 true입니다.</param>
      <param name="fillEmptyRows">데이터 항목이 마지막 페이지를 채우기에 부족한 경우 마지막 페이지에 추가 행을 삽입하려면 true이고, 그렇지 않으면 false입니다. 기본값은 false입니다. 추가 행은 <paramref name="emptyRowCellValue" /> 매개 변수로 지정된 텍스트를 사용하여 채워집니다.</param>
      <param name="emptyRowCellValue">데이터 항목이 마지막 페이지를 채우기에 부족한 경우 페이지에 추가 행을 채우는 데 사용되는 텍스트입니다. 이러한 추가 행을 표시하려면 <paramref name="fillEmptyRows" /> 매개 변수를 true로 설정해야 합니다.</param>
      <param name="columns">각 열의 표시 방법을 지정하는 <see cref="T:System.Web.Helpers.WebGridColumn" /> 인스턴스의 컬렉션입니다. 여기에는 각 표의 열과 연관된 데이터 열 및 각 표의 열을 포함하는 데이터 값의 형식을 지정하는 방법이 포함됩니다.</param>
      <param name="exclusions">표에서 열을 자동으로 채울 때 제외할 데이터 열의 이름을 포함하는 컬렉션입니다.</param>
      <param name="mode">
        <see cref="T:System.Web.Helpers.WebGrid" /> 인스턴스의 페이지 사이를 이동할 수 있도록 제공되는 메서드를 지정하는 열거 값의 비트 조합입니다.</param>
      <param name="firstText">
        <see cref="T:System.Web.Helpers.WebGrid" /> 인스턴스의 첫 페이지로 연결하는 데 사용되는 HTML 링크 요소에 대한 텍스트입니다. 이 페이지 탐색 요소를 표시하려면 <paramref name="mode" /> 매개 변수의 <see cref="F:System.Web.Helpers.WebGridPagerModes.FirstLast" /> 플래그를 설정해야 합니다.</param>
      <param name="previousText">
        <see cref="T:System.Web.Helpers.WebGrid" /> 인스턴스의 이전 페이지로 연결하는 데 사용되는 HTML 링크 요소에 대한 텍스트입니다. 이 페이지 탐색 요소를 표시하려면 <paramref name="mode" /> 매개 변수의 <see cref="F:System.Web.Helpers.WebGridPagerModes.NextPrevious" /> 플래그를 설정해야 합니다.</param>
      <param name="nextText">
        <see cref="T:System.Web.Helpers.WebGrid" /> 인스턴스의 다음 페이지로 연결하는 데 사용되는 HTML 링크 요소에 대한 텍스트입니다. 이 페이지 탐색 요소를 표시하려면 <paramref name="mode" /> 매개 변수의 <see cref="F:System.Web.Helpers.WebGridPagerModes.NextPrevious" /> 플래그를 설정해야 합니다.</param>
      <param name="lastText">
        <see cref="T:System.Web.Helpers.WebGrid" /> 인스턴스의 마지막 페이지로 연결하는 데 사용되는 HTML 링크 요소에 대한 텍스트입니다. 이 페이지 탐색 요소를 표시하려면 <paramref name="mode" /> 매개 변수의 <see cref="F:System.Web.Helpers.WebGridPagerModes.FirstLast" /> 플래그를 설정해야 합니다.</param>
      <param name="numericLinksCount">인접한 <see cref="T:System.Web.Helpers.WebGrid" /> 페이지에 제공되는 숫자 페이지 링크의 수입니다. 페이지 번호를 포함하는 각 숫자 페이지 링크의 텍스트입니다. 이러한 페이지 탐색 요소를 표시하려면 <paramref name="mode" /> 매개 변수의 <see cref="F:System.Web.Helpers.WebGridPagerModes.Numeric" /> 플래그를 설정해야 합니다.</param>
      <param name="htmlAttributes">
        <see cref="T:System.Web.Helpers.WebGrid" /> 인스턴스를 나타내는 HTML table 요소에 대해 설정할 특성(이름 및 값) 컬렉션을 나타내는 개체입니다.</param>
    </member>
    <member name="M:System.Web.Helpers.WebGrid.GetPageUrl(System.Int32)">
      <summary>
        <see cref="T:System.Web.Helpers.WebGrid" /> 인스턴스의 지정된 데이터 페이지를 표시하는 데 사용할 수 있는 URL을 반환합니다.</summary>
      <returns>표의 지정된 데이터 페이지를 표시하는 데 사용할 수 있는 URL입니다.</returns>
      <param name="pageIndex">표시할 <see cref="T:System.Web.Helpers.WebGrid" /> 페이지의 인덱스입니다.</param>
    </member>
    <member name="M:System.Web.Helpers.WebGrid.GetSortUrl(System.String)">
      <summary>지정된 열을 기준으로 <see cref="T:System.Web.Helpers.WebGrid" /> 인스턴스를 정렬하는 데 사용할 수 있는 URL을 반환합니다.</summary>
      <returns>표를 정렬하는 데 사용할 수 있는 URL입니다.</returns>
      <param name="column">정렬 기준으로 사용할 데이터 열의 이름입니다.</param>
    </member>
    <member name="P:System.Web.Helpers.WebGrid.HasSelection">
      <summary>
        <see cref="T:System.Web.Helpers.WebGrid" /> 인스턴스의 행이 선택되었는지 나타내는 값을 가져옵니다.</summary>
      <returns>현재 행이 선택되었으면 true이고, 그렇지 않으면 false입니다.</returns>
    </member>
    <member name="P:System.Web.Helpers.WebGrid.IsAjaxEnabled">
      <summary>
        <see cref="T:System.Web.Helpers.WebGrid" /> 인스턴스가 Ajax 호출을 사용하여 표시 내용을 새로 고칠 수 있는지 나타내는 값을 반환합니다.</summary>
      <returns>인스턴스가 Ajax 호출을 지원하면 true이고, 그렇지 않으면 false입니다.</returns>
    </member>
    <member name="P:System.Web.Helpers.WebGrid.PageCount">
      <summary>
        <see cref="T:System.Web.Helpers.WebGrid" /> 인스턴스에 포함되는 페이지 수를 가져옵니다.</summary>
      <returns>페이지 수입니다.</returns>
    </member>
    <member name="P:System.Web.Helpers.WebGrid.PageFieldName">
      <summary>
        <see cref="T:System.Web.Helpers.WebGrid" /> 인스턴스의 현재 페이지를 지정하는 데 사용되는 쿼리 문자열 필드의 전체 이름을 가져옵니다.</summary>
      <returns>표의 현재 페이지를 지정하는 데 사용되는 쿼리 문자열 필드의 전체 이름입니다.</returns>
    </member>
    <member name="P:System.Web.Helpers.WebGrid.PageIndex">
      <summary>
        <see cref="T:System.Web.Helpers.WebGrid" /> 인스턴스의 현재 페이지 인덱스를 가져오거나 설정합니다.</summary>
      <returns>현재 페이지의 인덱스입니다.</returns>
      <exception cref="T:System.NotSupportedException">페이징이 활성화되지 않아 <see cref="P:System.Web.Helpers.WebGrid.PageIndex" /> 속성을 설정할 수 없습니다.</exception>
    </member>
    <member name="M:System.Web.Helpers.WebGrid.Pager(System.Web.Helpers.WebGridPagerModes,System.String,System.String,System.String,System.String,System.Int32)">
      <summary>
        <see cref="T:System.Web.Helpers.WebGrid" /> 인스턴스에 지정된 페이징 지원을 제공하는 데 사용할 수 있는 HTML 태그를 반환합니다.</summary>
      <returns>표에 페이징 지원을 제공하는 HTML 태그입니다.</returns>
      <param name="mode">표의 페이지 사이를 이동할 수 있도록 제공된 메서드를 지정하는 열거 값의 비트 조합입니다. 기본값은 <see cref="F:System.Web.Helpers.WebGridPagerModes.NextPrevious" /> 및 <see cref="F:System.Web.Helpers.WebGridPagerModes.Numeric" /> 플래그의 비트 OR입니다.</param>
      <param name="firstText">표의 첫 페이지로 이동하는 HTML 링크 요소에 대한 텍스트입니다.</param>
      <param name="previousText">표의 이전 페이지로 이동하는 HTML 링크 요소에 대한 텍스트입니다.</param>
      <param name="nextText">표의 다음 페이지로 이동하는 HTML 링크 요소에 대한 텍스트입니다.</param>
      <param name="lastText">표의 마지막 페이지로 이동하는 HTML 링크 요소에 대한 텍스트입니다.</param>
      <param name="numericLinksCount">표시할 숫자 페이지 링크의 수입니다. 기본값은 5입니다.</param>
    </member>
    <member name="P:System.Web.Helpers.WebGrid.Rows">
      <summary>표를 정렬한 후 <see cref="T:System.Web.Helpers.WebGrid" /> 인스턴스의 현재 페이지에 있는 행을 포함하는 목록을 가져옵니다.</summary>
      <returns>행 목록입니다.</returns>
    </member>
    <member name="P:System.Web.Helpers.WebGrid.RowsPerPage">
      <summary>
        <see cref="T:System.Web.Helpers.WebGrid" /> 인스턴스의 각 페이지에 표시되는 행의 수를 가져옵니다.</summary>
      <returns>표의 각 페이지에 표시되는 행의 수입니다.</returns>
    </member>
    <member name="P:System.Web.Helpers.WebGrid.SelectedIndex">
      <summary>
        <see cref="T:System.Web.Helpers.WebGrid" /> 인스턴스의 현재 페이지에 따라 선택된 행의 인덱스를 가져오거나 설정합니다.</summary>
      <returns>현재 페이지에 따라 선택된 행의 인덱스입니다.</returns>
    </member>
    <member name="P:System.Web.Helpers.WebGrid.SelectedRow">
      <summary>
        <see cref="T:System.Web.Helpers.WebGrid" /> 인스턴스의 현재 선택된 행을 가져옵니다.</summary>
      <returns>현재 선택된 행입니다.</returns>
    </member>
    <member name="P:System.Web.Helpers.WebGrid.SelectionFieldName">
      <summary>
        <see cref="T:System.Web.Helpers.WebGrid" /> 인스턴스의 선택된 행을 지정하는 데 사용되는 쿼리 문자열 필드의 전체 이름을 가져옵니다.</summary>
      <returns>표의 선택된 행을 지정하는 데 사용되는 쿼리 문자열 필드의 전체 이름입니다.</returns>
    </member>
    <member name="P:System.Web.Helpers.WebGrid.SortColumn">
      <summary>
        <see cref="T:System.Web.Helpers.WebGrid" /> 인스턴스를 정렬할 때 기준으로 사용할 데이터 열의 이름을 가져오거나 설정합니다.</summary>
      <returns>표를 정렬하는 데 사용되는 데이터 열의 이름입니다.</returns>
    </member>
    <member name="P:System.Web.Helpers.WebGrid.SortDirection">
      <summary>
        <see cref="T:System.Web.Helpers.WebGrid" /> 인스턴스가 정렬되는 방향을 가져오거나 설정합니다.</summary>
      <returns>정렬 방향입니다.</returns>
    </member>
    <member name="P:System.Web.Helpers.WebGrid.SortDirectionFieldName">
      <summary>
        <see cref="T:System.Web.Helpers.WebGrid" /> 인스턴스의 정렬 방향을 지정하는 데 사용되는 쿼리 문자열 필드의 전체 이름을 가져옵니다.</summary>
      <returns>표의 정렬 방향을 지정하는 데 사용되는 쿼리 문자열 필드의 전체 이름입니다.</returns>
    </member>
    <member name="P:System.Web.Helpers.WebGrid.SortFieldName">
      <summary>
        <see cref="T:System.Web.Helpers.WebGrid" /> 인스턴스의 정렬 기준으로 사용하는 데이터 열의 이름을 지정하는 데 사용되는 쿼리 문자열 필드의 전체 이름을 가져옵니다.</summary>
      <returns>표의 정렬 기준으로 사용하는 데이터 열의 이름을 지정하는 데 사용되는 쿼리 문자열 필드의 전체 이름입니다.</returns>
    </member>
    <member name="M:System.Web.Helpers.WebGrid.Table(System.String,System.String,System.String,System.String,System.String,System.String,System.String,System.Boolean,System.Boolean,System.String,System.Collections.Generic.IEnumerable{System.Web.Helpers.WebGridColumn},System.Collections.Generic.IEnumerable{System.String},System.Func`2,System.Boolean)">
      <summary>
        <see cref="T:System.Web.Helpers.WebGrid" /> 인스턴스를 렌더링하는 데 사용되는 HTML 태그를 반환합니다.</summary>
      <returns>완전히 채워진 <see cref="T:System.Web.Helpers.WebGrid" /> 인스턴스를 나타내는 HTML 태그입니다.</returns>
      <param name="tableStyle">전체 테이블의 스타일을 지정하는 데 사용되는 CSS 클래스의 이름입니다.</param>
      <param name="headerStyle">테이블 머리글의 스타일을 지정하는 데 사용되는 CSS 클래스의 이름입니다.</param>
      <param name="footerStyle">테이블 바닥글의 스타일을 지정하는 데 사용되는 CSS 클래스의 이름입니다.</param>
      <param name="rowStyle">각 테이블 행의 스타일을 지정하는 데 사용되는 CSS 클래스의 이름입니다.</param>
      <param name="alternatingRowStyle">짝수 테이블 행의 스타일을 지정하는 데 사용되는 CSS 클래스의 이름입니다.</param>
      <param name="selectedRowStyle">선택된 테이블 행의 스타일을 지정하는 데 사용되는 CSS 클래스의 이름입니다.</param>
      <param name="caption">테이블 캡션입니다.</param>
      <param name="displayHeader">테이블 머리글을 표시하려면 true이고, 그렇지 않으면 false입니다. 기본값은 true입니다.</param>
      <param name="fillEmptyRows">데이터 항목이 마지막 페이지를 채우기에 부족한 경우 마지막 페이지에 추가 행을 삽입하려면 true이고, 그렇지 않으면 false입니다. 기본값은 false입니다. 추가 행은 <paramref name="emptyRowCellValue" /> 매개 변수로 지정된 텍스트를 사용하여 채워집니다.</param>
      <param name="emptyRowCellValue">데이터 항목이 마지막 페이지를 채우기에 부족한 경우 마지막 페이지에 추가 행을 채우는 데 사용되는 텍스트입니다. 이러한 추가 행을 표시하려면 <paramref name="fillEmptyRows" /> 매개 변수를 true로 설정해야 합니다.</param>
      <param name="columns">각 열의 표시 방법을 지정하는 <see cref="T:System.Web.Helpers.WebGridColumn" /> 인스턴스의 컬렉션입니다. 여기에는 각 표의 열과 연관된 데이터 열 및 각 표의 열을 포함하는 데이터 값의 형식을 지정하는 방법이 포함됩니다.</param>
      <param name="exclusions">표에서 열을 자동으로 채울 때 제외할 데이터 열의 이름을 포함하는 컬렉션입니다.</param>
      <param name="footer">테이블 바닥글을 렌더링하는 데 사용되는 HTML 태그를 반환하는 함수입니다.</param>
      <param name="htmlAttributes">
        <see cref="T:System.Web.Helpers.WebGrid" /> 인스턴스를 나타내는 HTML table 요소에 대해 설정할 특성(이름 및 값) 컬렉션을 나타내는 개체입니다.</param>
    </member>
    <member name="P:System.Web.Helpers.WebGrid.TotalRowCount">
      <summary>
        <see cref="T:System.Web.Helpers.WebGrid" /> 인스턴스에 포함되는 행의 총 수를 가져옵니다.</summary>
      <returns>표의 총 행 수입니다. 이 값은 모든 페이지의 모든 행을 포함하지만, 데이터 항목이 마지막 페이지를 채우기에 부족한 경우 마지막 페이지에 삽입된 추가 행은 포함하지 않습니다.</returns>
    </member>
    <member name="T:System.Web.Helpers.WebGridColumn">
      <summary>
        <see cref="T:System.Web.Helpers.WebGrid" /> 인스턴스의 열을 나타냅니다.</summary>
    </member>
    <member name="M:System.Web.Helpers.WebGridColumn.#ctor">
      <summary>
        <see cref="T:System.Web.Helpers.WebGridColumn" /> 클래스의 새 인스턴스를 초기화합니다.</summary>
    </member>
    <member name="P:System.Web.Helpers.WebGridColumn.CanSort">
      <summary>
        <see cref="T:System.Web.Helpers.WebGrid" /> 열을 정렬할 수 있는지 나타내는 값을 가져오거나 설정합니다.</summary>
      <returns>열을 정렬할 수 있도록 나타내려면 true이고, 그렇지 않으면 false입니다.</returns>
    </member>
    <member name="P:System.Web.Helpers.WebGridColumn.ColumnName">
      <summary>
        <see cref="T:System.Web.Helpers.WebGrid" /> 열과 연관된 데이터 항목 이름을 가져오거나 설정합니다.</summary>
      <returns>데이터 항목의 이름입니다.</returns>
    </member>
    <member name="P:System.Web.Helpers.WebGridColumn.Format">
      <summary>
        <see cref="T:System.Web.Helpers.WebGrid" /> 열과 연관된 데이터 항목의 형식을 지정하는 데 사용되는 함수를 가져오거나 설정합니다.</summary>
      <returns>열과 연관된 데이터 항목의 형식을 지정하는 데 사용되는 함수입니다.</returns>
    </member>
    <member name="P:System.Web.Helpers.WebGridColumn.Header">
      <summary>
        <see cref="T:System.Web.Helpers.WebGrid" /> 열의 머리글에 렌더링되는 텍스트를 가져오거나 설정합니다.</summary>
      <returns>열 머리글에 렌더링되는 텍스트입니다.</returns>
    </member>
    <member name="P:System.Web.Helpers.WebGridColumn.Style">
      <summary>
        <see cref="T:System.Web.Helpers.WebGrid" /> 열과 연관된 HTML 테이블 셀의 일부로 렌더링되는 CSS 클래스 특성을 가져오거나 설정합니다.</summary>
      <returns>열과 연관된 셀에 적용되는 CSS 클래스 특성입니다.</returns>
    </member>
    <member name="T:System.Web.Helpers.WebGridPagerModes">
      <summary>
        <see cref="T:System.Web.Helpers.WebGrid" /> 인스턴스의 페이지 사이를 이동할 수 있도록 제공되는 메서드를 설명하는 플래그를 지정합니다.</summary>
    </member>
    <member name="F:System.Web.Helpers.WebGridPagerModes.Numeric">
      <summary>페이지 번호를 사용하여 인접한 <see cref="F:System.Web.Helpers.WebGrid" /> 페이지로 이동할 수 있는 메서드가 제공됨을 나타냅니다.</summary>
    </member>
    <member name="F:System.Web.Helpers.WebGridPagerModes.NextPrevious">
      <summary>다음 또는 이전 <see cref="F:System.Web.Helpers.WebGrid" /> 페이지로 이동할 수 있는 메서드가 제공됨을 나타냅니다.</summary>
    </member>
    <member name="F:System.Web.Helpers.WebGridPagerModes.FirstLast">
      <summary>첫 번째 또는 마지막 <see cref="F:System.Web.Helpers.WebGrid" /> 페이지로 직접 이동할 수 있는 메서드가 제공됨을 나타냅니다.</summary>
    </member>
    <member name="F:System.Web.Helpers.WebGridPagerModes.All">
      <summary>
        <see cref="T:System.Web.Helpers.WebGrid" /> 페이지 사이를 이동할 수 있는 모든 메서드가 제공됨을 나타냅니다.</summary>
    </member>
    <member name="T:System.Web.Helpers.WebGridRow">
      <summary>
        <see cref="T:System.Web.Helpers.WebGrid" /> 인스턴스의 행을 나타냅니다.</summary>
    </member>
    <member name="M:System.Web.Helpers.WebGridRow.#ctor(System.Web.Helpers.WebGrid,System.Object,System.Int32)">
      <summary>지정된 <see cref="T:System.Web.Helpers.WebGrid" /> 인스턴스, 행 값 및 인덱스를 사용하여 <see cref="T:System.Web.Helpers.WebGridRow" /> 클래스의 새 인스턴스를 초기화합니다.</summary>
      <param name="webGrid">행을 포함하는 <see cref="T:System.Web.Helpers.WebGrid" /> 인스턴스입니다.</param>
      <param name="value">행의 각 값에 대한 속성 멤버를 포함하는 개체입니다.</param>
      <param name="rowIndex">행의 인덱스입니다.</param>
    </member>
    <member name="M:System.Web.Helpers.WebGridRow.GetEnumerator">
      <summary>
        <see cref="T:System.Web.Helpers.WebGridRow" /> 인스턴스의 값을 반복하는 데 사용될 수 있는 열거자를 반환합니다.</summary>
      <returns>행의 값을 반복하는 데 사용될 수 있는 열거자입니다.</returns>
    </member>
    <member name="M:System.Web.Helpers.WebGridRow.GetSelectLink(System.String)">
      <summary>사용자가 행을 선택하는 데 사용할 수 있는 HTML 요소(링크)를 반환합니다.</summary>
      <returns>사용자가 행을 선택하기 위해 클릭할 수 있는 링크입니다.</returns>
      <param name="text">링크 요소의 내부 텍스트입니다. <paramref name="text" />가 비어 있거나 null이면 "Select"가 사용됩니다.</param>
    </member>
    <member name="M:System.Web.Helpers.WebGridRow.GetSelectUrl">
      <summary>행을 선택하는 데 사용될 수 있는 URL을 반환합니다.</summary>
      <returns>행을 선택하는 데 사용되는 URL입니다.</returns>
    </member>
    <member name="P:System.Web.Helpers.WebGridRow.Item(System.Int32)">
      <summary>
        <see cref="T:System.Web.Helpers.WebGridRow" /> 인스턴스에 지정된 인덱스의 값을 반환합니다.</summary>
      <returns>지정된 인덱스의 값입니다.</returns>
      <param name="index">반환할 행에 있는 값의 인덱스(0부터 시작)입니다.</param>
      <exception cref="T:System.ArgumentOutOfRangeException">
        <paramref name="index" />가 0보다 작거나, 행에 있는 값의 수보다 크거나 같습니다.</exception>
    </member>
    <member name="P:System.Web.Helpers.WebGridRow.Item(System.String)">
      <summary>
        <see cref="T:System.Web.Helpers.WebGridRow" /> 인스턴스에 지정된 이름이 있는 값을 반환합니다.</summary>
      <returns>지정된 값입니다.</returns>
      <param name="name">반환할 행에 있는 값의 이름입니다.</param>
      <exception cref="T:System.ArgumentException">
        <paramref name="name" />이 null이거나 비어 있습니다.</exception>
      <exception cref="T:System.InvalidOperationException">
        <paramref name="name" />이 존재하지 않는 값을 지정합니다.</exception>
    </member>
    <member name="M:System.Web.Helpers.WebGridRow.System#Collections#IEnumerable#GetEnumerator">
      <summary>컬렉션을 반복하는 데 사용될 수 있는 열거자를 반환합니다.</summary>
      <returns>컬렉션을 반복하는 데 사용될 수 있는 열거자입니다.</returns>
    </member>
    <member name="M:System.Web.Helpers.WebGridRow.ToString">
      <summary>
        <see cref="T:System.Web.Helpers.WebGridRow" /> 인스턴스의 모든 값을 나타내는 문자열을 반환합니다.</summary>
      <returns>행 값을 나타내는 문자열입니다.</returns>
    </member>
    <member name="M:System.Web.Helpers.WebGridRow.TryGetMember(System.Dynamic.GetMemberBinder,System.Object@)">
      <summary>지정된 바인더에서 설명된 <see cref="T:System.Web.Helpers.WebGridRow" /> 멤버의 값을 반환합니다.</summary>
      <returns>항목 값이 검색되었으면 true이고, 그렇지 않으면 false입니다.</returns>
      <param name="binder">바인딩된 속성 멤버의 getter입니다.</param>
      <param name="result">이 메서드가 반환될 때 <paramref name="binder" />에서 설명한 항목의 값을 보유한 개체가 포함됩니다. 이 매개 변수는 초기화되지 않은 상태로 전달됩니다.</param>
    </member>
    <member name="P:System.Web.Helpers.WebGridRow.Value">
      <summary>행의 각 값에 대한 속성 멤버를 포함하는 개체를 가져옵니다.</summary>
      <returns>행의 각 값을 속성으로 포함하는 개체입니다.</returns>
    </member>
    <member name="P:System.Web.Helpers.WebGridRow.WebGrid">
      <summary>행이 속해 있는 <see cref="T:System.Web.Helpers.WebGrid" /> 인스턴스를 가져옵니다.</summary>
      <returns>행을 포함하는 <see cref="T:System.Web.Helpers.WebGrid" /> 인스턴스입니다.</returns>
    </member>
    <member name="T:System.Web.Helpers.WebImage">
      <summary>웹 페이지에서 이미지를 표시하고 관리할 수 있는 개체를 나타냅니다.</summary>
    </member>
    <member name="M:System.Web.Helpers.WebImage.#ctor(System.Byte[])">
      <summary>이미지를 나타낼 수 있도록 바이트 배열을 사용하여 <see cref="T:System.Web.Helpers.WebImage" /> 클래스의 새 인스턴스를 초기화합니다.</summary>
      <param name="content">이미지입니다.</param>
    </member>
    <member name="M:System.Web.Helpers.WebImage.#ctor(System.IO.Stream)">
      <summary>이미지를 나타낼 수 있도록 스트림을 사용하여 <see cref="T:System.Web.Helpers.WebImage" /> 클래스의 새 인스턴스를 초기화합니다.</summary>
      <param name="imageStream">이미지입니다.</param>
    </member>
    <member name="M:System.Web.Helpers.WebImage.#ctor(System.String)">
      <summary>이미지 위치를 나타낼 수 있도록 경로를 사용하여 <see cref="T:System.Web.Helpers.WebImage" /> 클래스의 새 인스턴스를 초기화합니다.</summary>
      <param name="filePath">이미지를 포함하는 파일의 경로입니다.</param>
    </member>
    <member name="M:System.Web.Helpers.WebImage.AddImageWatermark(System.String,System.Int32,System.Int32,System.String,System.String,System.Int32,System.Int32)">
      <summary>워터마크 이미지에 대한 경로를 사용하여 워터마크 이미지를 추가합니다.</summary>
      <returns>워터마크 이미지입니다.</returns>
      <param name="watermarkImageFilePath">워터마크 이미지를 포함하는 파일의 경로입니다.</param>
      <param name="width">워터마크 이미지의 너비(픽셀)입니다.</param>
      <param name="height">워터마크 이미지의 높이(픽셀)입니다.</param>
      <param name="horizontalAlign">워터마크 이미지의 가로 맞춤입니다. 값은 "왼쪽", "오른쪽" 또는 "가운데" 중 하나입니다.</param>
      <param name="verticalAlign">워터마크 이미지의 세로 맞춤입니다. 값은 "위쪽", "중간" 또는 "아래쪽" 중 하나입니다.</param>
      <param name="opacity">0과 100 사이의 값으로 지정된 워터마크 이미지의 불투명도입니다.</param>
      <param name="padding">워터마크 이미지 주위의 안쪽 여백 크기(픽셀)입니다.</param>
    </member>
    <member name="M:System.Web.Helpers.WebImage.AddImageWatermark(System.Web.Helpers.WebImage,System.Int32,System.Int32,System.String,System.String,System.Int32,System.Int32)">
      <summary>지정된 이미지 개체를 사용하여 워터마크 이미지를 추가합니다.</summary>
      <returns>워터마크 이미지입니다.</returns>
      <param name="watermarkImage">
        <see cref="T:System.Web.Helpers.WebImage" /> 개체입니다.</param>
      <param name="width">워터마크 이미지의 너비(픽셀)입니다.</param>
      <param name="height">워터마크 이미지의 높이(픽셀)입니다.</param>
      <param name="horizontalAlign">워터마크 이미지의 가로 맞춤입니다. 값은 "왼쪽", "오른쪽" 또는 "가운데" 중 하나입니다.</param>
      <param name="verticalAlign">워터마크 이미지의 세로 맞춤입니다. 값은 "위쪽", "중간" 또는 "아래쪽" 중 하나입니다.</param>
      <param name="opacity">0과 100 사이의 값으로 지정된 워터마크 이미지의 불투명도입니다.</param>
      <param name="padding">워터마크 이미지 주위의 안쪽 여백 크기(픽셀)입니다.</param>
    </member>
    <member name="M:System.Web.Helpers.WebImage.AddTextWatermark(System.String,System.String,System.Int32,System.String,System.String,System.String,System.String,System.Int32,System.Int32)">
      <summary>워터마크 텍스트를 이미지에 추가합니다.</summary>
      <returns>워터마크 이미지입니다.</returns>
      <param name="text">워터마크로 사용할 텍스트입니다.</param>
      <param name="fontColor">워터마크 텍스트의 색입니다.</param>
      <param name="fontSize">워터마크 텍스트의 글꼴 크기입니다.</param>
      <param name="fontStyle">워터마크 텍스트의 글꼴 스타일입니다.</param>
      <param name="fontFamily">워터마크 텍스트의 글꼴 종류입니다.</param>
      <param name="horizontalAlign">워터마크 텍스트의 가로 맞춤입니다. 값은 "왼쪽", "오른쪽" 또는 "가운데" 중 하나입니다.</param>
      <param name="verticalAlign">워터마크 텍스트의 세로 맞춤입니다. 값은 "위쪽", "중간" 또는 "아래쪽" 중 하나입니다.</param>
      <param name="opacity">0과 100 사이의 값으로 지정된 워터마크 이미지의 불투명도입니다.</param>
      <param name="padding">워터마크 텍스트 주위의 안쪽 여백 크기(픽셀)입니다.</param>
    </member>
    <member name="M:System.Web.Helpers.WebImage.Clone">
      <summary>
        <see cref="T:System.Web.Helpers.WebImage" /> 개체를 복사합니다.</summary>
      <returns>이미지입니다.</returns>
    </member>
    <member name="M:System.Web.Helpers.WebImage.Crop(System.Int32,System.Int32,System.Int32,System.Int32)">
      <summary>이미지를 자릅니다.</summary>
      <returns>자른 이미지입니다.</returns>
      <param name="top">위쪽에서 제거할 픽셀 수입니다.</param>
      <param name="left">왼쪽에서 제거할 픽셀 수입니다.</param>
      <param name="bottom">아래쪽에서 제거할 픽셀 수입니다.</param>
      <param name="right">오른쪽에서 제거할 픽셀 수입니다.</param>
    </member>
    <member name="P:System.Web.Helpers.WebImage.FileName">
      <summary>
        <see cref="T:System.Web.Helpers.WebImage" /> 개체의 파일 이름을 가져오거나 설정합니다.</summary>
      <returns>파일 이름입니다.</returns>
    </member>
    <member name="M:System.Web.Helpers.WebImage.FlipHorizontal">
      <summary>이미지를 가로로 대칭 이동합니다.</summary>
      <returns>대칭 이동한 이미지입니다.</returns>
    </member>
    <member name="M:System.Web.Helpers.WebImage.FlipVertical">
      <summary>이미지를 세로로 대칭 이동합니다.</summary>
      <returns>대칭 이동한 이미지입니다.</returns>
    </member>
    <member name="M:System.Web.Helpers.WebImage.GetBytes(System.String)">
      <summary>이미지를 바이트 배열로 반환합니다.</summary>
      <returns>이미지입니다.</returns>
      <param name="requestedFormat">
        <see cref="T:System.Web.Helpers.WebImage" /> 개체의 <see cref="P:System.Web.Helpers.WebImage.ImageFormat" /> 값입니다.</param>
    </member>
    <member name="M:System.Web.Helpers.WebImage.GetImageFromRequest(System.String)">
      <summary>브라우저를 사용하여 업로드된 이미지를 반환합니다.</summary>
      <returns>이미지입니다.</returns>
      <param name="postedFileName">(선택적 요소) 게시된 파일의 이름입니다. 파일 이름이 지정되어 있지 않으면 업로드된 첫 번째 파일이 반환됩니다.</param>
    </member>
    <member name="P:System.Web.Helpers.WebImage.Height">
      <summary>이미지의 높이(픽셀)를 가져옵니다.</summary>
      <returns>높이입니다.</returns>
    </member>
    <member name="P:System.Web.Helpers.WebImage.ImageFormat">
      <summary>이미지의 형식(예: "jpeg" 또는 "png")을 가져옵니다.</summary>
      <returns>이미지의 파일 형식입니다.</returns>
    </member>
    <member name="M:System.Web.Helpers.WebImage.Resize(System.Int32,System.Int32,System.Boolean,System.Boolean)">
      <summary>이미지 크기를 조정합니다.</summary>
      <returns>크기가 조정된 이미지입니다.</returns>
      <param name="width">
        <see cref="T:System.Web.Helpers.WebImage" /> 개체의 너비(픽셀)입니다.</param>
      <param name="height">
        <see cref="T:System.Web.Helpers.WebImage" /> 개체의 높이(픽셀)입니다.</param>
      <param name="preserveAspectRatio">이미지의 가로 세로 비율을 유지하려면 true이고, 그렇지 않으면 false입니다.</param>
      <param name="preventEnlarge">이미지 확대를 방지하려면 true이고, 그렇지 않으면 false입니다.</param>
    </member>
    <member name="M:System.Web.Helpers.WebImage.RotateLeft">
      <summary>이미지를 왼쪽으로 회전합니다.</summary>
      <returns>회전된 이미지입니다.</returns>
    </member>
    <member name="M:System.Web.Helpers.WebImage.RotateRight">
      <summary>이미지를 오른쪽으로 회전합니다.</summary>
      <returns>회전된 이미지입니다.</returns>
    </member>
    <member name="M:System.Web.Helpers.WebImage.Save(System.String,System.String,System.Boolean)">
      <summary>지정된 파일 이름을 사용하여 이미지를 저장합니다.</summary>
      <returns>이미지입니다.</returns>
      <param name="filePath">이미지를 저장할 경로입니다.</param>
      <param name="imageFormat">이미지 파일이 저장될 때 사용할 형식(예: "gif" 또는 "png")입니다.</param>
      <param name="forceCorrectExtension">
        <paramref name="imageFormat" />에 지정된 형식에 올바른 파일 이름 확장명을 사용하도록 하려면 true이고, 그렇지 않으면 false입니다. 파일 형식과 지정된 파일 이름 확장명이 일치하지 않는 경우 <paramref name="forceCorrectExtension" />이 true이면 올바른 확장명이 파일 이름에 추가됩니다. 예를 들어 이름이 Photograph.txt인 PNG 파일은 Photograph.txt.png라는 이름으로 저장됩니다.</param>
    </member>
    <member name="P:System.Web.Helpers.WebImage.Width">
      <summary>이미지의 너비(픽셀)를 가져옵니다.</summary>
      <returns>너비입니다.</returns>
    </member>
    <member name="M:System.Web.Helpers.WebImage.Write(System.String)">
      <summary>이미지를 브라우저에 렌더링합니다.</summary>
      <returns>이미지입니다.</returns>
      <param name="requestedFormat">(선택적 요소) 이미지를 쓸 때 사용할 파일 형식입니다.</param>
    </member>
    <member name="T:System.Web.Helpers.WebMail">
      <summary>SMTP(Simple Mail Transfer Protocol)를 사용하여 전자 메일 메시지를 작성 및 전송하는 방법을 제공합니다.</summary>
    </member>
    <member name="P:System.Web.Helpers.WebMail.EnableSsl">
      <summary>전자 메일 메시지를 보낼 때 SSL(Secure Sockets Layer)을 사용하여 연결을 암호화할지 나타내는 값을 가져오거나 설정합니다.</summary>
      <returns>SSL이 연결을 암호화하는 데 사용되면 true이고, 그렇지 않으면 false입니다.</returns>
    </member>
    <member name="P:System.Web.Helpers.WebMail.From">
      <summary>보낸 사람의 전자 메일 주소를 가져오거나 설정합니다.</summary>
      <returns>보낸 사람의 전자 메일 주소입니다.</returns>
    </member>
    <member name="P:System.Web.Helpers.WebMail.Password">
      <summary>보낸 사람 전자 메일 계정의 암호를 가져오거나 설정합니다.</summary>
      <returns>보낸 사람의 암호입니다.</returns>
    </member>
    <member name="M:System.Web.Helpers.WebMail.Send(System.String,System.String,System.String,System.String,System.String,System.Collections.Generic.IEnumerable{System.String},System.Boolean,System.Collections.Generic.IEnumerable{System.String},System.String,System.String,System.String,System.String,System.String)">
      <summary>배달용 SMTP 서버로 지정된 메시지를 보냅니다.</summary>
      <param name="to">받는 사람이 한 명 이상인 전자 메일 주소입니다. 세미콜론(;)을 사용해 다수의 받는 사람을 구분합니다.</param>
      <param name="subject">전자 메일 메시지의 제목 줄입니다.</param>
      <param name="body">전자 메일 메시지의 본문입니다. <paramref name="isBodyHtml" />이 true이면 본문의 HTML이 태그로 해석됩니다.</param>
      <param name="from">(선택적 요소) 메시지를 보낸 사람의 전자 메일 주소이거나, 보낸 사람을 지정하지 않을 경우 null입니다. 기본값은 null입니다.</param>
      <param name="cc">(선택적 요소) 메시지 사본을 보낼 다른 받는 사람의 전자 메일 주소이거나, 다른 받는 사람이 없는 경우 null입니다. 세미콜론(;)을 사용해 다수의 받는 사람을 구분합니다. 기본값은 null입니다.</param>
      <param name="filesToAttach">(선택적 요소) 전자 메일 메시지에 첨부할 파일을 지정하는 파일 이름의 컬렉션이거나, 첨부할 파일이 없는 경우 null입니다. 기본값은 null입니다.</param>
      <param name="isBodyHtml">(선택적 요소) 전자 메일 메시지 본문을 HTML 형식으로 지정하려면 true이고, 일반 텍스트 형식으로 지정하려면 false입니다. 기본값은 true입니다.</param>
      <param name="additionalHeaders">(선택적 요소) 이 전자 메일 메시지에 포함된 일반 SMTP 머리글에 추가할 머리글의 컬렉션이거나, 추가 머리글을 보내지 않을 경우 null입니다. 기본값은 null입니다.</param>
      <param name="bcc">(선택적 요소) 메시지 사본을 "숨은 참조"로 보낼 다른 받는 사람의 전자 메일 주소이거나, 다른 받는 사람이 없는 경우 null입니다. 세미콜론(;)을 사용해 다수의 받는 사람을 구분합니다. 기본값은 null입니다.</param>
      <param name="contentEncoding">(선택적 요소) 메시지 본문에 사용할 인코딩입니다. 가능한 값은 <see cref="T:System.Text.Encoding" /> 클래스의 속성 값(예: <see cref="P:System.Text.Encoding.UTF8" />)입니다. 기본값은 null입니다.</param>
      <param name="headerEncoding">(선택적 요소) 메시지의 머리글에 사용할 인코딩입니다. 가능한 값은 <see cref="T:System.Text.Encoding" /> 클래스의 속성 값(예: <see cref="P:System.Text.Encoding.UTF8" />)입니다. 기본값은 null입니다.</param>
      <param name="priority">(선택적 요소) 메시지의 우선 순위를 지정하는 값("보통", "낮음", "높음")입니다. 기본값은 "보통"입니다.</param>
      <param name="replyTo">(선택적 요소) 받는 사람이 메시지에 회신할 때 사용할 전자 메일 주소입니다. 기본값은 null로, 회신 주소가 From 속성의 값임을 나타냅니다. </param>
    </member>
    <member name="P:System.Web.Helpers.WebMail.SmtpPort">
      <summary>SMTP 트랜잭션에 사용되는 포트를 가져오거나 설정합니다.</summary>
      <returns>SMTP 트랜잭션에 사용되는 포트입니다.</returns>
    </member>
    <member name="P:System.Web.Helpers.WebMail.SmtpServer">
      <summary>전자 메일 메시지를 보내는 데 사용되는 SMTP 서버의 이름을 가져오거나 설정합니다.</summary>
      <returns>SMTP 서버입니다.</returns>
    </member>
    <member name="P:System.Web.Helpers.WebMail.SmtpUseDefaultCredentials">
      <summary>기본 자격 증명을 요청과 함께 보내는지를 나타내는 값을 가져오거나 설정합니다.</summary>
      <returns>자격 증명을 전자 메일 메시지와 함께 보내면 true이고, 그렇지 않으면 false입니다.</returns>
    </member>
    <member name="P:System.Web.Helpers.WebMail.UserName">
      <summary>전자 메일을 보내는 데 사용되는 전자 메일 계정의 이름을 가져오거나 설정합니다.</summary>
      <returns>사용자 계정의 이름입니다.</returns>
    </member>
  </members>
</doc>